case,clean_fit_mse,final_error_percent,model,n_points,run_idx,test_rel_rmse_percent,train_rel_rmse_percent,used_fit_mse
full_cover,0.0028442759012946455,9.613163139806641,PI-NODE-2state,5,0,21.685358451924838,8.876201992092932,0.002206153398026213
full_cover,0.0026820601689783903,29.298229173675058,PI-NODE-2state,5,1,34.07913775859437,7.940072759997302,0.0024146449126545124
full_cover,0.002635977329507479,22.206079450749556,PI-NODE-2state,5,2,28.3827287331194,8.300953413021176,0.0022291487674328545
full_cover,0.004587469337505791,9.772615841439517,PI-NODE-2state,5,3,22.159755582077782,11.01122016827161,0.003877338635669444
full_cover,0.0044593687545259175,5.481970579097181,PI-NODE-2state,5,4,20.622580084485147,10.970434056385757,0.004150577773763634
full_cover,0.0040841889077731066,35.797980629853356,PI-NODE-2state,5,5,36.757116866955045,9.835210408718499,0.0030974908280472792
full_cover,0.003467977918097152,9.393563022573133,PI-NODE-2state,5,6,22.087359887288947,9.48508067536651,0.003826552693358194
full_cover,0.0026721725645262075,2.546545043365811,PI-NODE-2state,5,7,19.583150255560184,8.350843897116487,0.00182220404638414
full_cover,0.004401082125019312,1.024178379013498,PI-NODE-2state,5,8,18.49134391816061,8.962997682358678,0.002321523873928344
full_cover,0.0038513055662208195,37.064683547728265,PI-NODE-2state,5,9,38.56639313011411,10.183770429650977,0.002683044700555028
full_cover,0.0023590354535065203,-19.865664382114865,PI-NODE-2state,5,10,16.605446624506037,7.606944341335112,0.002487909555184855
full_cover,0.0040895419690657455,39.41649713794598,PI-NODE-2state,5,11,39.274694111727726,9.124132733200941,0.002015526187234709
full_cover,0.00466230366293679,-3.438362736689822,PI-NODE-2state,5,12,16.346490009747402,9.336770775019888,0.004733797379254047
full_cover,0.0036486679173613557,36.083726357503245,PI-NODE-2state,5,13,37.520554801643165,8.580379024422063,0.0021645803839954727
full_cover,0.001727406406457644,13.455540551794986,PI-NODE-2state,5,14,23.79466119859147,6.511624946150453,0.001270020245770828
full_cover,0.0007806344935709375,28.540247636524683,PI-NODE-2state,5,15,34.74447622778843,4.470562765830753,0.0014361149898423394
full_cover,0.000693183689221369,42.42204777610252,PI-NODE-2state,5,16,44.422736850739355,3.627543109969506,0.00037075183387675476
full_cover,0.0012160287682404884,35.84502302395311,PI-NODE-2state,5,17,39.906813330744136,4.711317663562947,0.0015624946445508172
full_cover,0.0019127294075758593,26.529619640798646,PI-NODE-2state,5,18,32.58764392745207,6.4523073743600685,0.0019399872247922605
full_cover,0.0038699576402756687,14.011527707667579,PI-NODE-2state,5,19,21.84918145234454,10.170747976109396,0.00351314756407788
narrow_centered,0.0018360690809450717,0.1300386333857999,PI-NODE-2state,5,0,12.82010713604826,5.533264571195544,0.0021111063927376416
narrow_centered,0.0027331075046832,-7.714193496067349,PI-NODE-2state,5,1,10.133612836586533,6.515395837537829,0.002414974346758732
narrow_centered,0.00456866667498672,-0.2130367073110509,PI-NODE-2state,5,2,11.873086151291327,7.798224485531399,0.0038301548433118614
narrow_centered,0.003312635863933721,5.843239847353913,PI-NODE-2state,5,3,15.293310932863847,7.164327603683638,0.0026750899109426233
narrow_centered,0.006692622919180401,-13.532301160684934,PI-NODE-2state,5,4,12.416196018086065,10.463140072958103,0.005938632335367536
narrow_centered,0.006553512262844988,-8.834814773344677,PI-NODE-2state,5,5,11.085098375899907,10.124153439434929,0.00429763513646818
narrow_centered,0.00035998379789233724,3.616043874249306,PI-NODE-2state,5,6,10.465564335261842,3.515850077744091,0.00020689950438492407
narrow_centered,0.0014836949331046233,1.5016585958256607,PI-NODE-2state,5,7,13.596903016257079,4.7933403673310755,0.001048713106714338
narrow_centered,0.0011923492719248569,0.49802402393066003,PI-NODE-2state,5,8,12.818701063699564,3.7071364455635787,0.0012186295208872339
narrow_centered,0.0016059890649925764,0.23778749691359022,PI-NODE-2state,5,9,12.454151041492539,5.539470283272772,0.0012077177237885687
narrow_centered,0.006039390388078351,-10.847058139671738,PI-NODE-2state,5,10,11.792746439694518,10.271822420192334,0.0036054975986754036
narrow_centered,0.0022396104089710094,-3.5839826323467063,PI-NODE-2state,5,11,10.790848032980154,5.690563167686158,0.0011369257659906865
narrow_centered,0.004531016078915667,-6.759736560683542,PI-NODE-2state,5,12,9.497703559008952,7.357632015467172,0.004474037662028769
narrow_centered,0.0022030204758264004,9.692859782247329,PI-NODE-2state,5,13,15.048823406890468,5.515906751178699,0.0015460072494063832
narrow_centered,0.0016269449314096109,0.21573932852525837,PI-NODE-2state,5,14,12.439578460523746,4.932790803634159,0.002691139006377739
narrow_centered,0.0006027622079015432,8.757034279223463,PI-NODE-2state,5,15,17.60199006700368,2.879808536005814,0.0003908027057881326
narrow_centered,0.0005727973619812368,13.329454499917675,PI-NODE-2state,5,16,20.380382383011884,2.9039488916635836,0.0005140282962996257
narrow_centered,0.0015467296229723596,5.8546484360299065,PI-NODE-2state,5,17,16.153019737486947,5.10742316121976,0.0023483842020783755
narrow_centered,0.0010124519410912064,-11.284585302828626,PI-NODE-2state,5,18,9.824263764931167,3.582663235433112,0.0005478216472929321
narrow_centered,0.00022371933445928496,11.628299595115697,PI-NODE-2state,5,19,20.338522047616582,1.9154474164859276,0.00015673043866849064
slight_shift_full_beam,0.0021570835484996604,-0.5416901938655347,PI-NODE-2state,5,0,16.488616688481645,6.671925306073673,0.00184042223104662
slight_shift_full_beam,0.0032938790668764276,26.723761782987605,PI-NODE-2state,5,1,32.32722502905181,8.267137485264085,0.0028420590164359083
slight_shift_full_beam,0.0030581672181103463,12.587045641304268,PI-NODE-2state,5,2,22.109939566499367,8.712843397252628,0.0025301878112401685
slight_shift_full_beam,0.0025593908741908234,9.510894819140232,PI-NODE-2state,5,3,21.14022783347553,7.838288341852312,0.002805009607906392
slight_shift_full_beam,0.0033605044687777677,1.9992817550766933,PI-NODE-2state,5,4,17.636187924467933,8.962192370343699,0.004082156764535611
slight_shift_full_beam,0.004231238075723565,28.42812715723451,PI-NODE-2state,5,5,31.83049626473366,9.524153349076865,0.003446074968698675
slight_shift_full_beam,0.0026761891728041337,5.70792200851869,PI-NODE-2state,5,6,19.283062152577862,8.053123393290772,0.002425329454069775
slight_shift_full_beam,0.0017103855913900806,14.12970118853842,PI-NODE-2state,5,7,24.391230029202774,5.874325104908437,0.0009641445336038713
slight_shift_full_beam,0.0031112156428255997,0.9179243828462013,PI-NODE-2state,5,8,17.278940768295783,8.358560190516133,0.003164480283252258
slight_shift_full_beam,0.0019270547014059735,13.733692763145642,PI-NODE-2state,5,9,23.918778470607336,7.459601900910244,0.0015163702186114718
slight_shift_full_beam,0.002728080757108635,-26.172029914896367,PI-NODE-2state,5,10,18.31321950355606,7.838187353639564,0.0026200035966898816
slight_shift_full_beam,0.001441281902087768,12.99936738032257,PI-NODE-2state,5,11,22.660897013927162,5.927235856774648,0.0013785039301360946
slight_shift_full_beam,0.004365260303729292,-8.486843253193193,PI-NODE-2state,5,12,14.178362718206658,9.454523627614938,0.005022058457811576
slight_shift_full_beam,0.0009553978322788334,38.344665703722974,PI-NODE-2state,5,13,39.20944690931351,4.366212069464545,0.0010919389652564067
slight_shift_full_beam,0.0015971589345951573,12.321171474806114,PI-NODE-2state,5,14,22.780742735351996,6.090316808664324,0.0016339991510854594
slight_shift_full_beam,0.0016216372549703578,18.12684257592337,PI-NODE-2state,5,15,27.561345670856134,4.133279270559938,0.0010173559795927866
slight_shift_full_beam,0.0006312038393905307,26.547884554745703,PI-NODE-2state,5,16,31.56698669839278,4.395993412719424,0.0007173802685979104
slight_shift_full_beam,0.0015642678825476524,21.365111970318516,PI-NODE-2state,5,17,29.940285079555824,4.941478097521242,0.0012609336047730544
slight_shift_full_beam,0.0013761388832170829,24.17221355152037,PI-NODE-2state,5,18,31.073098172140597,5.3469010861486765,0.0012455507477559871
slight_shift_full_beam,0.002407015168820226,18.989499359267235,PI-NODE-2state,5,19,23.864521223411625,7.38803955658575,0.0022889313183243427
strong_shift_full_beam,0.0016130750647313362,3.097381581293257,PI-NODE-2state,5,0,15.526900827611165,5.248180086227762,0.0010340370636265298
strong_shift_full_beam,0.003552408678225869,10.193500356321767,PI-NODE-2state,5,1,19.42776235036136,7.6408509830238405,0.0032328033169943273
strong_shift_full_beam,0.002600599742132279,9.143256427544598,PI-NODE-2state,5,2,18.299836827546024,6.43216411577461,0.003477599409384516
strong_shift_full_beam,0.0035650906289809783,-1.075275030850187,PI-NODE-2state,5,3,14.074964053483807,8.242353348414923,0.0041596439891739435
strong_shift_full_beam,0.007267778367806332,-18.495824152815196,PI-NODE-2state,5,4,15.576572121290841,11.679805076450526,0.007983921079521953
strong_shift_full_beam,0.00278099912125815,-3.3421707013894726,PI-NODE-2state,5,5,12.22659300288873,7.2097142907430465,0.002223948963474588
strong_shift_full_beam,0.003919105146386948,-8.003938362527046,PI-NODE-2state,5,6,12.44684175266324,8.6236074009009,0.0037982025886437384
strong_shift_full_beam,0.0016382920796473668,-1.042467658840232,PI-NODE-2state,5,7,14.159178569365416,5.704689832125563,0.0009422838197618447
strong_shift_full_beam,0.001867149072711143,-3.349085061809722,PI-NODE-2state,5,8,12.900705719300424,5.8926255997979355,0.0020335415156284885
strong_shift_full_beam,0.0014937316135136226,4.736735634488511,PI-NODE-2state,5,9,16.705440023807846,5.736914301383083,0.0029069875359333313
strong_shift_full_beam,0.0036826240358266023,-14.234306430199075,PI-NODE-2state,5,10,13.09990072360327,8.468380277661163,0.004827055472847512
strong_shift_full_beam,0.0038927098339978454,-3.4368213480992016,PI-NODE-2state,5,11,12.980831258365827,8.63234568481534,0.0031047875937719924
strong_shift_full_beam,0.0039982844140250325,-7.821038642032556,PI-NODE-2state,5,12,11.222799539186964,8.33468294099446,0.005590891120964071
strong_shift_full_beam,0.002593483164406908,14.266224059169677,PI-NODE-2state,5,13,22.21868712942672,6.482622231867069,0.0016709006028647027
strong_shift_full_beam,0.0028128979979537673,-8.597382368356866,PI-NODE-2state,5,14,12.173627897004389,7.319706792533546,0.0022127590774942557
strong_shift_full_beam,0.0006058782341229133,13.140418411732941,PI-NODE-2state,5,15,22.09676288905494,3.344549226618016,0.0008936007295656317
strong_shift_full_beam,0.001426936393475598,18.463604747967345,PI-NODE-2state,5,16,25.18977190011035,4.890203850165143,0.001505870303938404
strong_shift_full_beam,0.0017846527979923474,5.695185087766229,PI-NODE-2state,5,17,17.25493651103414,5.696164704421986,0.001945062255016353
strong_shift_full_beam,0.0027059611862719686,6.016752471904141,PI-NODE-2state,5,18,17.684774667367783,7.323177458806102,0.0022549475532295136
strong_shift_full_beam,0.0021063809290050935,1.642939801665373,PI-NODE-2state,5,19,15.306760628206778,6.319038527223501,0.0009191595411995334
full_cover,0.0009942241474524983,4.171981378083005,PI-NODE-2state,8,0,19.442800924185637,5.18937441700968,0.0006511259455535673
full_cover,0.0007626829313311862,29.044294561979015,PI-NODE-2state,8,1,34.03426561219096,4.227759360477818,0.0007005631030290043
full_cover,0.0015024583220356901,7.256145598500508,PI-NODE-2state,8,2,20.592098297833257,6.250112856472104,0.000910405588333972
full_cover,0.0021557807347560975,15.367376210562679,PI-NODE-2state,8,3,25.05564941776568,6.75162364319635,0.0018707220760390076
full_cover,0.0020547158431549507,-7.777332765816656,PI-NODE-2state,8,4,16.516083391978803,7.430132008501099,0.0018144504014442372
full_cover,0.003964622828776033,12.217670335896452,PI-NODE-2state,8,5,22.39385843066865,8.13276534086565,0.002358958082704723
full_cover,0.0007545387418986301,14.440253852980483,PI-NODE-2state,8,6,25.314422567985485,4.32499676303674,0.001276444777074543
full_cover,0.0009987967825666783,7.338771766258902,PI-NODE-2state,8,7,22.16660137872353,4.584551407669868,0.0004826807683944877
full_cover,0.0005544633642343022,17.667787339552508,PI-NODE-2state,8,8,26.947868929947184,3.9643859931997913,0.0004537213128530647
full_cover,0.0014529866121272507,38.6324792986092,PI-NODE-2state,8,9,40.9730195468143,5.894793794870026,0.0014749605641347883
full_cover,0.0009607440517722342,-7.121097159485621,PI-NODE-2state,8,10,16.154624211320368,4.559868321414572,0.0009498457252651817
full_cover,0.000643573187582315,18.709206333520225,PI-NODE-2state,8,11,27.049739530782368,3.397673674985629,0.000554184729390579
full_cover,0.002443191869725897,14.653400739929468,PI-NODE-2state,8,12,24.059061447771235,7.39318323106159,0.0019152785046424809
full_cover,0.0020305817448878667,45.43469696757204,PI-NODE-2state,8,13,43.90693883805265,6.07303596723283,0.002802916778318091
full_cover,0.0005465248072119446,20.63946679208745,PI-NODE-2state,8,14,28.50787903824913,4.131026512136343,0.00041280819317068607
full_cover,0.0010958911593211874,14.751655307697435,PI-NODE-2state,8,15,26.77118602975435,4.87065484792878,0.001505083368620959
full_cover,0.0010846023570511103,33.21339571392398,PI-NODE-2state,8,16,36.577000592474654,4.684554231560163,0.0002596099465322067
full_cover,0.002494646747515959,48.67036317897699,PI-NODE-2state,8,17,49.124315313484225,6.332098416555304,0.00219276270442595
full_cover,0.00042785582732911265,5.81544539073607,PI-NODE-2state,8,18,21.786104033580074,3.694911348868821,0.0005074598674420362
full_cover,0.0030064731134100235,17.39170491058509,PI-NODE-2state,8,19,24.20992452704397,7.6969316941460715,0.0012291347799609125
narrow_centered,0.0006359912938757673,2.9920466388421385,PI-NODE-2state,8,0,13.96103635856296,3.2021346511228246,0.0005876005026248484
narrow_centered,0.0010403666594979162,6.538277936137701,PI-NODE-2state,8,1,16.31467299902943,3.3789923295418904,0.0012159500093733514
narrow_centered,0.001868561388472114,-2.354677999636387,PI-NODE-2state,8,2,11.105318760404957,4.8843745860167544,0.002166106135752742
narrow_centered,0.0021069252473458456,6.067225875881735,PI-NODE-2state,8,3,15.906738617429998,5.185207979137084,0.0019537146079059604
narrow_centered,0.0018220336298610633,1.0996907965198,PI-NODE-2state,8,4,12.776575528295043,5.276047588772424,0.0020310266252693814
narrow_centered,0.0016834581311325422,-4.29666899013184,PI-NODE-2state,8,5,10.554113896581327,4.747878734645443,0.001717680491216646
narrow_centered,0.0007162399701334044,1.6875640792165487,PI-NODE-2state,8,6,13.50988415611284,3.4012053339021167,0.00029071037712083306
narrow_centered,0.00023647613810186025,6.720279968966239,PI-NODE-2state,8,7,16.6383764051315,1.7774239249348405,0.0003378876094799311
narrow_centered,0.00060260943420909,-1.4208480262017515,PI-NODE-2state,8,8,12.0027483206907,3.230160550794313,0.0005316597972288577
narrow_centered,0.0013818425139753173,4.371385893790586,PI-NODE-2state,8,9,15.105714313766603,4.600025026093565,0.0013448021471271366
narrow_centered,0.0012369518066282432,-9.808837632993628,PI-NODE-2state,8,10,10.167068163997097,4.246691134232685,0.0013876866155369957
narrow_centered,0.0006915216884016369,0.1714483059350112,PI-NODE-2state,8,11,12.09735991914343,3.1799304996705127,0.0004620033126053902
narrow_centered,0.002195603766790021,6.9691371101793536,PI-NODE-2state,8,12,15.662475389996471,4.9792182394470865,0.0020499299021838184
narrow_centered,0.0006381236306070684,7.32289096775126,PI-NODE-2state,8,13,16.829882587385708,2.614625161650794,0.0006705306085175886
narrow_centered,0.00030204573547191105,4.972575686136445,PI-NODE-2state,8,14,15.154976285797778,2.1636568984994637,0.0009241556906768816
narrow_centered,0.0004387993477737627,27.893082533682563,PI-NODE-2state,8,15,31.42826885870934,2.4074992346986432,0.00043400874991710616
narrow_centered,0.0011096470560673535,0.0925908171430129,PI-NODE-2state,8,16,12.465923174425862,3.609590447365422,0.0008033220281952486
narrow_centered,0.0007323869124064672,8.05614588174149,PI-NODE-2state,8,17,17.729777447701874,3.070744123498436,0.0006623177231048383
narrow_centered,0.0006774874719482322,-0.5690099831578088,PI-NODE-2state,8,18,13.409124846931045,3.310754057865479,0.00042986550524803875
narrow_centered,0.00026897858452386877,15.632714220389358,PI-NODE-2state,8,19,22.511487581244506,2.076598968328993,0.00064894709585941
slight_shift_full_beam,0.0004147874862530122,20.390984526711105,PI-NODE-2state,8,0,28.040455647838137,2.2698392419126057,0.00039060031004910776
slight_shift_full_beam,0.0009422308758503624,18.760492551660594,PI-NODE-2state,8,1,27.115754016219977,4.275712774457539,0.0007581514507753555
slight_shift_full_beam,0.00068340378081587,34.501000846809575,PI-NODE-2state,8,2,37.35502886337175,3.8595666772384547,0.0007062270137298585
slight_shift_full_beam,0.0015939776665519043,19.62855061110419,PI-NODE-2state,8,3,27.34678223441916,5.5776029337532655,0.002205249581839577
slight_shift_full_beam,0.0014336915845839225,16.69365775699151,PI-NODE-2state,8,4,25.605965594701587,5.71596551830803,0.0016041708977298388
slight_shift_full_beam,0.0012539463877122123,8.917747115129197,PI-NODE-2state,8,5,20.221724825989245,5.313719616330729,0.0011297799433549215
slight_shift_full_beam,0.0007629852991840803,-0.6908530024790597,PI-NODE-2state,8,6,16.886247794001378,4.388206177476986,0.000821007280811895
slight_shift_full_beam,0.00031171861283232167,17.00809961425666,PI-NODE-2state,8,7,26.707279861069377,2.9477854638957504,0.00023389833527955462
slight_shift_full_beam,0.000627040161470233,9.643291774779335,PI-NODE-2state,8,8,21.724600981306903,3.144417990833798,0.00018078259620559812
slight_shift_full_beam,0.0020328932124427713,43.34338615554111,PI-NODE-2state,8,9,44.2670792906745,6.603179689985532,0.0012851689749374144
slight_shift_full_beam,0.0004460438120423204,8.439500611607208,PI-NODE-2state,8,10,21.39921674407868,3.4619676678820883,0.0005890574540814349
slight_shift_full_beam,0.00019359767539631418,35.34438821271658,PI-NODE-2state,8,11,37.824082167181665,2.632867447515152,0.000277125649544326
slight_shift_full_beam,0.0013447039289013695,23.99849683371836,PI-NODE-2state,8,12,29.74089091789211,4.804698148665107,0.0018797116168962375
slight_shift_full_beam,0.0008563233377923042,15.07920173273978,PI-NODE-2state,8,13,21.13187820185968,3.9863816967484547,0.0013592530387385496
slight_shift_full_beam,0.0004794795662677368,16.145282252434153,PI-NODE-2state,8,14,25.430227609326433,3.5737884096319323,0.0003388824790376624
slight_shift_full_beam,0.0013942513845102097,22.03414030450895,PI-NODE-2state,8,15,30.310493516997095,4.982640579176498,0.001230359227638597
slight_shift_full_beam,0.0005937479160435062,32.73272523806375,PI-NODE-2state,8,16,37.23380012386492,3.7667173588432723,0.0004756571036038049
slight_shift_full_beam,0.0016837964954666599,13.537480460290446,PI-NODE-2state,8,17,25.172737282625686,5.17945247848985,0.0014109915899000898
slight_shift_full_beam,0.000226255733393364,29.608992093069826,PI-NODE-2state,8,18,36.3970631553617,1.823451759614319,0.00014716610853776442
slight_shift_full_beam,0.0020894467778939016,17.209370139189033,PI-NODE-2state,8,19,24.299387606687123,6.149190272783603,0.001640087643958343
strong_shift_full_beam,0.0004702599971974062,13.082964156885255,PI-NODE-2state,8,0,21.740267191751705,2.8411394101546477,0.0003085850068132543
strong_shift_full_beam,0.0003596476954449502,14.951484595875089,PI-NODE-2state,8,1,23.45641713805086,2.286166867025707,0.0011694622233907675
strong_shift_full_beam,0.0013935764334036043,2.953172504394373,PI-NODE-2state,8,2,15.303609308214128,4.235422762205237,0.0011594693064071757
strong_shift_full_beam,0.0015437432628972476,-3.376797641931072,PI-NODE-2state,8,3,12.977970896584464,4.871027928145443,0.0016403776863028522
strong_shift_full_beam,0.0018209335878361663,-9.682120905418786,PI-NODE-2state,8,4,11.887530095190423,6.000711663004684,0.0017997373949127822
strong_shift_full_beam,0.000990292423502243,23.327620208319228,PI-NODE-2state,8,5,28.101017042650266,4.002249571435568,0.0015900560123430947
strong_shift_full_beam,0.0008298935778822475,7.817739349149783,PI-NODE-2state,8,6,18.79116867301423,3.5688761097704256,0.0007824935196633599
strong_shift_full_beam,0.0004804176943110099,-3.849124549681788,PI-NODE-2state,8,7,13.063743420475507,3.2210858338658594,0.0003826594423224077
strong_shift_full_beam,0.00030981786854299934,11.387677669796055,PI-NODE-2state,8,8,20.95611959006794,2.3945517725563805,0.0006456386474394185
strong_shift_full_beam,0.0010760221631193525,14.102032811486914,PI-NODE-2state,8,9,22.573111473956473,4.2009705941287745,0.0016508683200423398
strong_shift_full_beam,0.001632294029541483,-7.503783083930239,PI-NODE-2state,8,10,12.006688464615166,4.95541706615358,0.0014446661163319372
strong_shift_full_beam,0.00024979700955712653,14.416818167461424,PI-NODE-2state,8,11,21.308761157808995,2.366496806974817,0.000845988586836707
strong_shift_full_beam,0.0024134554473137903,5.670240457350594,PI-NODE-2state,8,12,15.75635919672428,6.224087591642187,0.0021660485052317612
strong_shift_full_beam,0.0008380764338807129,6.161237241004789,PI-NODE-2state,8,13,17.311119352972796,3.4731296425518887,0.0006013329715497802
strong_shift_full_beam,0.0003888874373029961,22.354316459210448,PI-NODE-2state,8,14,28.944799515866343,2.4769053565746555,0.0005826557096482844
strong_shift_full_beam,0.0020464364541318476,0.9208798698684589,PI-NODE-2state,8,15,15.690556637895545,5.029221073602153,0.0011861693330548738
strong_shift_full_beam,0.0005635008986209744,20.065541855539145,PI-NODE-2state,8,16,26.45533504239106,3.273955160351301,0.0005791406683242934
strong_shift_full_beam,0.0007222671056564545,6.573088307376482,PI-NODE-2state,8,17,18.313087050445397,3.3924602359574405,0.0009154380648957029
strong_shift_full_beam,0.00034614145293606426,-0.6005661424762274,PI-NODE-2state,8,18,15.116132201318958,2.8325577153007986,0.00032204613911362615
strong_shift_full_beam,0.0004553649402240415,16.559299461188502,PI-NODE-2state,8,19,23.506793018466063,3.316448267306147,0.0012124160278762395
full_cover,0.0003477607018868875,40.627387887231905,PI-NODE-2state,10,0,42.2892155017913,2.7113785143192177,0.00034882189221177834
full_cover,0.0007774356330457958,27.304892525762682,PI-NODE-2state,10,1,33.12213164597043,3.9098306491594834,0.0006089856989759872
full_cover,0.000975261710071996,35.36961023954332,PI-NODE-2state,10,2,37.92414878524523,4.519963679523066,0.0007368595793973848
full_cover,0.001651878793112713,26.3250356940349,PI-NODE-2state,10,3,31.69880447339553,5.607397825031063,0.0016489278042315122
full_cover,0.002664474054938919,50.64672286721777,PI-NODE-2state,10,4,48.37978375831145,5.864047641183584,0.0017706616785986636
full_cover,0.0023523207140063174,44.589207973089074,PI-NODE-2state,10,5,43.185148415439734,6.6722321504915225,0.0025313796158704166
full_cover,0.0008810747984357121,24.049825256643352,PI-NODE-2state,10,6,31.435072679858862,3.6386521380103045,0.0007727402032226446
full_cover,8.854290315992789e-05,45.98308916780207,PI-NODE-2state,10,7,46.39546471730199,1.9243481779469385,0.00018300234186023807
full_cover,0.00027318667092324017,36.61675490563282,PI-NODE-2state,10,8,40.249492432208214,2.182245917576649,0.00018939818728244925
full_cover,0.0012534433706724289,31.724329372514244,PI-NODE-2state,10,9,36.10156603573561,4.845268600689569,0.0011153208823753166
full_cover,0.0003972266721546178,12.307229589524631,PI-NODE-2state,10,10,24.806724735990493,3.3661362342186982,9.325054318719255e-05
full_cover,0.00047774497743619925,42.82193294606689,PI-NODE-2state,10,11,43.132079634143054,2.56061755460119,0.00022990699503484298
full_cover,0.0023508764865546507,29.697626214682014,PI-NODE-2state,10,12,33.34198861916836,6.536832816278116,0.001980025705858849
full_cover,0.0024201138688073405,44.85015013100434,PI-NODE-2state,10,13,43.78140575579452,6.5004042701450615,0.0024815836437497105
full_cover,0.000188882627038144,36.066360549340146,PI-NODE-2state,10,14,39.20686666280406,2.4529607660483905,0.00017204575333180805
full_cover,0.0004894920881534833,30.892714823143013,PI-NODE-2state,10,15,36.94015020858614,3.281830950962794,0.001215614140049092
full_cover,0.00028293395780020554,42.76200063814241,PI-NODE-2state,10,16,42.66361249744992,3.24484435547844,0.000294455834146492
full_cover,0.0022437446029817134,39.245254880985605,PI-NODE-2state,10,17,42.87064004047082,6.113980821453821,0.001434829526025116
full_cover,4.154788978909176e-05,44.31198381876362,PI-NODE-2state,10,18,48.102755005689104,1.958130826430442,0.00012586111105488012
full_cover,0.0008839014241339543,47.33833371452952,PI-NODE-2state,10,19,43.61350727152384,4.399365475452551,0.0010319314143194236
narrow_centered,0.0005486775928253785,23.5537499033012,PI-NODE-2state,10,0,28.06456235749527,1.8902596956338718,0.00036879199204432406
narrow_centered,0.0013227345848067357,17.12637298507404,PI-NODE-2state,10,1,23.761609502874297,3.778359754898566,0.0009540005061318919
narrow_centered,0.0011444511208992423,24.71718259098554,PI-NODE-2state,10,2,27.989023535143442,3.5812123134306457,0.0014819652252608918
narrow_centered,0.0014156662462525497,9.27578436380739,PI-NODE-2state,10,3,17.518637193321762,4.095837614247151,0.001383849078964765
narrow_centered,0.0019228384054037896,23.609468983148798,PI-NODE-2state,10,4,27.878882300615487,4.344868193875239,0.001720756111351018
narrow_centered,0.0012286405950512186,22.987389403005427,PI-NODE-2state,10,5,26.946796258132146,3.7610829232283614,0.0013233535742025958
narrow_centered,0.0001643631717025468,11.092981747795815,PI-NODE-2state,10,6,19.833648810080675,1.6995716103376528,0.00022204701921615236
narrow_centered,0.00026290014427208624,16.221512260700628,PI-NODE-2state,10,7,23.586297754492776,2.7194363739333594,0.00011485602328328588
narrow_centered,7.895030415937359e-05,19.361443999338096,PI-NODE-2state,10,8,25.124461364737137,1.3008073188366653,9.236731242179894e-05
narrow_centered,0.0018212769498545315,17.24803214998237,PI-NODE-2state,10,9,23.361780929490454,4.39580070254051,0.001586483825751616
narrow_centered,0.0003512292371749051,22.649872342286386,PI-NODE-2state,10,10,26.234349218096177,2.213155376038015,0.0003515967034359176
narrow_centered,3.621854679308515e-05,27.952812141289982,PI-NODE-2state,10,11,30.368338790530313,1.4324032899540884,0.00033937377536498464
narrow_centered,0.0022054625645657215,9.644859994908316,PI-NODE-2state,10,12,17.08238667822413,4.705506268300745,0.0021123554634153636
narrow_centered,0.0007650199521397935,10.810220072147134,PI-NODE-2state,10,13,19.035726922147106,2.915288242490193,0.0005234051382054688
narrow_centered,0.00018137739606078487,25.493122369603952,PI-NODE-2state,10,14,30.19808943530551,2.085639659778264,0.00041699239294227115
narrow_centered,0.000602999947506984,17.91497707586606,PI-NODE-2state,10,15,22.810666142265315,2.808338064991258,0.0006186337309058621
narrow_centered,0.0005251889202702164,26.225433057398305,PI-NODE-2state,10,16,29.33003719497158,2.773326010599408,0.0007588627741655825
narrow_centered,0.001280959515466424,31.882262994043316,PI-NODE-2state,10,17,35.75810330734146,3.675655109528137,0.0011761176286102044
narrow_centered,0.00020737321613792853,16.75729735397311,PI-NODE-2state,10,18,23.838864082760004,1.7820825363030632,0.00036497955280115
narrow_centered,0.0005245954106729335,25.0525873106272,PI-NODE-2state,10,19,29.12006092588192,2.7681772145730537,0.0002845983570847668
slight_shift_full_beam,0.0001433225323550441,34.781224890080786,PI-NODE-2state,10,0,37.93763235178121,2.1011764153824966,0.0001623957364451644
slight_shift_full_beam,0.0003939738751928697,31.209127436635523,PI-NODE-2state,10,1,36.047674461262886,2.8486619316309634,0.0006661131264235232
slight_shift_full_beam,0.0007448479111985454,30.628855207002758,PI-NODE-2state,10,2,34.95680427762803,2.7364113720781313,0.0004703279719475463
slight_shift_full_beam,0.0015872728212723525,27.81989967427478,PI-NODE-2state,10,3,32.34986734384588,5.024062354761519,0.0016500279695347737
slight_shift_full_beam,0.0017606774307817913,32.8012338562692,PI-NODE-2state,10,4,36.106656231224896,5.717765955421332,0.0017569602026350033
slight_shift_full_beam,0.0007672521799983247,36.402147847608674,PI-NODE-2state,10,5,38.316464410683935,3.961665579909976,0.0011034382683221473
slight_shift_full_beam,0.0011093459321864188,15.26523919926657,PI-NODE-2state,10,6,25.55553456775515,3.4916906619391077,0.0006356090595746713
slight_shift_full_beam,9.325143503061585e-05,29.867902992812386,PI-NODE-2state,10,7,35.253023573706535,2.1076496515913923,0.00015166328384806117
slight_shift_full_beam,0.00011118120274445164,34.97142279900872,PI-NODE-2state,10,8,38.42754991215258,1.8897202667304658,0.00011339754636910488
slight_shift_full_beam,0.0011049108792004732,27.39349082326665,PI-NODE-2state,10,9,32.81185521108141,3.9404377990702053,0.001728839415702891
slight_shift_full_beam,6.199202570007228e-05,32.448267762173835,PI-NODE-2state,10,10,37.66433096317516,2.1992703094311987,8.928570129651962e-05
slight_shift_full_beam,0.0002648248439947905,23.45236942786197,PI-NODE-2state,10,11,29.841757155041392,2.6298656876349145,0.00034055483281765275
slight_shift_full_beam,0.0019271236745327773,44.05318682526272,PI-NODE-2state,10,12,43.62933553366715,5.6489909612198135,0.002247978204667743
slight_shift_full_beam,0.0020207064158777066,35.40772912351851,PI-NODE-2state,10,13,36.89016642472488,5.785962842487041,0.0023090474626553574
slight_shift_full_beam,0.00012380096374984854,41.431524190803636,PI-NODE-2state,10,14,43.27147511178634,2.0248512139421297,0.0002956801949793564
slight_shift_full_beam,0.0018974223999346906,40.26166617977695,PI-NODE-2state,10,15,43.00728838072624,5.418422988352029,0.0013050393273506462
slight_shift_full_beam,0.0010107323247705953,42.47316758565762,PI-NODE-2state,10,16,42.931854217623126,3.518724286162537,0.0005209754384200621
slight_shift_full_beam,0.0020257844877838932,27.16546938359712,PI-NODE-2state,10,17,34.54949474292526,5.569235766017283,0.0018226453758477042
slight_shift_full_beam,0.00020472981825035702,29.16113871614143,PI-NODE-2state,10,18,36.82716879416637,2.582306524411441,0.00018466937001635522
slight_shift_full_beam,0.0018886074336729093,40.98060522473756,PI-NODE-2state,10,19,40.768335425630056,5.777660287686624,0.001415743408096718
strong_shift_full_beam,0.00045827074068566204,13.991215574065725,PI-NODE-2state,10,0,22.675613000189035,2.149553360714685,0.0002025831680811059
strong_shift_full_beam,0.0008307344989653763,18.982964745339057,PI-NODE-2state,10,1,26.374315282090294,3.3653960487189494,0.001066550808310096
strong_shift_full_beam,0.000541199412305834,23.68799402677749,PI-NODE-2state,10,2,29.291172879025524,3.0759586435509867,0.0006021430233420955
strong_shift_full_beam,0.001848316074174215,25.513660869925072,PI-NODE-2state,10,3,30.921370988317392,5.172812787527147,0.0016920481632046475
strong_shift_full_beam,0.0018310180759985157,18.459700946390363,PI-NODE-2state,10,4,25.542278948830006,4.967663281356526,0.0016835019386409224
strong_shift_full_beam,0.0011109641440020391,26.02144179482268,PI-NODE-2state,10,5,30.32811115771681,4.068443579471565,0.001166063808494363
strong_shift_full_beam,0.0003842770856922919,22.904984063014517,PI-NODE-2state,10,6,29.57019073346343,2.8232209932126415,0.000687852146633074
strong_shift_full_beam,0.0001585188883017231,14.669330168901405,PI-NODE-2state,10,7,23.596847640264183,1.80636448265044,0.0001429428051181176
strong_shift_full_beam,0.00022304626245105152,17.450248435786243,PI-NODE-2state,10,8,24.83501306912353,2.083876440119503,0.0004790018221054796
strong_shift_full_beam,0.0014920565767872747,22.24292578200959,PI-NODE-2state,10,9,29.168672750980345,4.771148162147962,0.0014823308218216032
strong_shift_full_beam,0.00011658553377313661,13.939892713785278,PI-NODE-2state,10,10,23.86928133145888,1.8564644139131048,0.00015646233445301482
strong_shift_full_beam,0.0002563033339645528,24.025739029314927,PI-NODE-2state,10,11,29.08271546020581,1.3631770402481846,6.530831832006106e-05
strong_shift_full_beam,0.0021291895963549854,13.120469324013275,PI-NODE-2state,10,12,21.078833128749437,4.771798417450578,0.002245041132100631
strong_shift_full_beam,0.0005301886137086784,13.156993026903013,PI-NODE-2state,10,13,22.473304115720765,2.897200924402308,0.0006274632017391408
strong_shift_full_beam,0.0004943500599652741,33.40707046476795,PI-NODE-2state,10,14,37.0618336910526,3.006005441571371,0.00029383036610647654
strong_shift_full_beam,0.0011778004872934162,6.961858422616466,PI-NODE-2state,10,15,19.351781608203023,4.4598698887692665,0.001217082800053235
strong_shift_full_beam,0.00039095857719559314,26.670156573262215,PI-NODE-2state,10,16,31.237519785369944,2.68458248318269,0.00039194642065259533
strong_shift_full_beam,0.0010285382480244045,32.486324677003516,PI-NODE-2state,10,17,37.23651794404329,3.6428876310272527,0.0013048334566953092
strong_shift_full_beam,0.00011132211802448758,14.30437985989386,PI-NODE-2state,10,18,24.82154611116322,1.7419668453123278,0.00011123491687143943
strong_shift_full_beam,0.0004647036678530743,37.84509736264166,PI-NODE-2state,10,19,38.14936770281269,2.8769819937676644,0.0006215772231242767
full_cover,0.00015849036703573664,30.66197047361046,PI-NODE-2state,15,0,35.50223584362906,2.193112223140456,0.0003388205095981858
full_cover,0.0008339028009003285,29.64982267034357,PI-NODE-2state,15,1,34.92222748571672,4.021155595122361,0.0006434751506825056
full_cover,0.00036249752224145145,32.72184985380287,PI-NODE-2state,15,2,36.4212862291602,2.894010409976088,0.00046774693942068144
full_cover,0.002194794028147929,27.458007824321268,PI-NODE-2state,15,3,32.472165282215634,6.1141656227825445,0.0018730343976895711
full_cover,0.0017293205104008725,34.957819687041216,PI-NODE-2state,15,4,38.06401614269227,5.074601189915253,0.0017367049211013715
full_cover,0.001828934463726596,52.21139955679452,PI-NODE-2state,15,5,48.9768001229874,5.68835151731025,0.0021849425402697925
full_cover,0.0007658274099437841,31.627679838945248,PI-NODE-2state,15,6,36.713251391194916,3.46899292157007,0.0007574965426526497
full_cover,0.0001262543834923385,31.797424615544724,PI-NODE-2state,15,7,36.8935808387964,1.9613314744289285,0.000390351056246966
full_cover,7.457629247786807e-05,46.53715690133363,PI-NODE-2state,15,8,46.197405195890475,1.7290806611765217,0.00019764516616990106
full_cover,0.00118417810496813,33.55470540899805,PI-NODE-2state,15,9,37.59261493226643,4.797145727440473,0.0009931029582294847
full_cover,0.0004512437695473424,27.865347302601485,PI-NODE-2state,15,10,34.73911677653781,3.1326568060944924,0.0003804251012442239
full_cover,0.00032219192950981725,29.969778791873598,PI-NODE-2state,15,11,34.761781761557394,3.1374973622152034,0.00023878959110072508
full_cover,0.0021416162696875395,36.74534792911021,PI-NODE-2state,15,12,38.74238157985791,5.974113395211976,0.0020873528112174537
full_cover,0.00180660910477893,37.060389667577404,PI-NODE-2state,15,13,38.145591320163454,5.4001821722669785,0.0021802690165332417
full_cover,0.00015011162148581206,42.57644544734585,PI-NODE-2state,15,14,44.03477465730321,2.3475452227075024,0.00011764652366176622
full_cover,0.0014080035634597388,35.96971928914331,PI-NODE-2state,15,15,40.25572351648638,5.09570267597087,0.0014316935829375458
full_cover,0.000344857327733485,35.97307827824012,PI-NODE-2state,15,16,39.12301801056156,2.4118552744015926,0.00025722617517971947
full_cover,0.0020074355149019693,46.8165486791649,PI-NODE-2state,15,17,48.23316152068821,5.796491547919971,0.0020337530935104473
full_cover,9.000829612675332e-05,29.03078414524231,PI-NODE-2state,15,18,37.198723226420135,2.196731551020336,5.267720350029374e-05
full_cover,0.0008688840739239849,52.38034181629451,PI-NODE-2state,15,19,46.99428329076353,4.190784536321993,0.0008958615599196018
narrow_centered,0.0003025506849662083,18.946422516231465,PI-NODE-2state,15,0,25.650331307984942,2.4450976208812607,0.0002518933469246343
narrow_centered,0.0008850563353449559,8.360040702454661,PI-NODE-2state,15,1,17.484714249088,3.2120748041725107,0.0011975464286605392
narrow_centered,0.0015779805966503354,20.077050644326984,PI-NODE-2state,15,2,24.96637812642325,3.9489679694689563,0.0014168480968436647
narrow_centered,0.0011076504098102935,12.511092682519417,PI-NODE-2state,15,3,19.69425492126578,3.539178687911799,0.0019992522432342214
narrow_centered,0.0018136371570737352,20.7922679176887,PI-NODE-2state,15,4,24.805736425967325,4.303006937517297,0.002137718706310414
narrow_centered,0.0012345785687724602,22.530666218629207,PI-NODE-2state,15,5,26.627534279561342,3.540173591087259,0.0015579616255810872
narrow_centered,0.0009569858465319672,15.816906468620711,PI-NODE-2state,15,6,23.381193062767824,3.2376627862776606,0.0005425468934356587
narrow_centered,0.00018601410075011672,16.446228361029387,PI-NODE-2state,15,7,23.539784918637988,2.0919759416910586,0.00016462790415086885
narrow_centered,0.0003582680753703779,11.183277028135844,PI-NODE-2state,15,8,19.69342403373785,1.6168367673170734,0.00016329091587461854
narrow_centered,0.0017935245301700414,13.687179948086685,PI-NODE-2state,15,9,21.020075549694578,4.3710375565673205,0.0015205194801050904
narrow_centered,0.0001644201529018208,14.707937137286356,PI-NODE-2state,15,10,20.668402568511475,1.841352742278896,0.0005141336356305786
narrow_centered,9.235064096157583e-05,20.659599270022223,PI-NODE-2state,15,11,24.69685266721305,1.4081747210563724,0.00029591030500130804
narrow_centered,0.002364122333343256,26.100542107984484,PI-NODE-2state,15,12,30.295837091404405,4.97818864419241,0.002370888480168844
narrow_centered,0.0007237169153285924,22.5578735610775,PI-NODE-2state,15,13,25.88551886764276,2.720904562851073,0.0008888227827912103
narrow_centered,0.0002513202571754188,15.692872136786661,PI-NODE-2state,15,14,22.634543436084755,1.7812122287987988,0.000469030724210993
narrow_centered,0.0010183922053592091,17.269467058057913,PI-NODE-2state,15,15,24.132623667073865,3.4096558771563075,0.0010522799899905194
narrow_centered,0.0002837127727613609,22.48243280831389,PI-NODE-2state,15,16,26.945730196214452,2.1270660884132933,0.000638080221842943
narrow_centered,0.0016085444678795207,24.586577612943046,PI-NODE-2state,15,17,29.631395729112743,3.7869921452659905,0.001456295993108042
narrow_centered,0.00014063013794039545,7.621266445649338,PI-NODE-2state,15,18,17.633869480021115,1.9238841015005337,0.00021821307633338157
narrow_centered,0.00045196311631506164,29.32826741425744,PI-NODE-2state,15,19,32.2148753962352,2.4559291169116664,0.0006338772982729966
slight_shift_full_beam,0.00023414101162285436,38.24084441826013,PI-NODE-2state,15,0,40.32938416684633,1.731850229802413,0.00019817966249013037
slight_shift_full_beam,0.0011725247297736522,31.75487529336058,PI-NODE-2state,15,1,36.73988574492807,4.027638266717877,0.0010162366671665455
slight_shift_full_beam,0.0005656609349061116,27.20457754216784,PI-NODE-2state,15,2,32.48510026792064,3.2270700175698774,0.0007195933535624164
slight_shift_full_beam,0.0015876715695424606,25.372026747835267,PI-NODE-2state,15,3,30.881744895184525,4.888750201555874,0.0018251281581876976
slight_shift_full_beam,0.0016666405179563142,31.215769546433837,PI-NODE-2state,15,4,35.1728476718258,5.1406599618045234,0.002035512654922069
slight_shift_full_beam,0.0016106798695625295,27.124434283282714,PI-NODE-2state,15,5,31.493452987668384,5.244971015187235,0.002050471695029131
slight_shift_full_beam,0.00038550506747916035,24.863649882502912,PI-NODE-2state,15,6,31.12583614434764,2.9396169095007143,0.0002864916328523764
slight_shift_full_beam,0.00029168632228773403,29.717236585717043,PI-NODE-2state,15,7,35.253229722304916,2.2664562959331533,0.00021809550095527346
slight_shift_full_beam,0.0004874791483375404,29.932586923617485,PI-NODE-2state,15,8,34.968410029671624,1.9859802960394757,0.00023865291074524314
slight_shift_full_beam,0.0009558450974286493,44.12914044565969,PI-NODE-2state,15,9,45.74874271278592,4.002659592461017,0.0013072307907628594
slight_shift_full_beam,7.898512152142773e-05,30.595265108879865,PI-NODE-2state,15,10,36.09630264630695,2.0028468994785937,0.00029827420778768263
slight_shift_full_beam,0.00017750037013310752,41.916325215862855,PI-NODE-2state,15,11,42.383502811533944,2.1770176585317222,0.000266022905863446
slight_shift_full_beam,0.0020254554410241966,37.40179267127642,PI-NODE-2state,15,12,38.27135785788739,5.5386875636088195,0.0020763079546702802
slight_shift_full_beam,0.002383201216856939,32.98944643127939,PI-NODE-2state,15,13,35.76247584852792,5.972332707177755,0.002376824016353499
slight_shift_full_beam,0.00029474621382687637,35.398911905236794,PI-NODE-2state,15,14,39.19009846600171,1.4390176805968573,0.0001727211447266275
slight_shift_full_beam,0.0015776858121795132,38.14137334976409,PI-NODE-2state,15,15,41.688852672529144,4.844950570325925,0.0015355968470593113
slight_shift_full_beam,0.0003329976991981637,35.289193010194786,PI-NODE-2state,15,16,38.1100645026551,2.6510037415454892,0.000515448943366745
slight_shift_full_beam,0.0026960160169708113,35.9463093408788,PI-NODE-2state,15,17,40.57324515824244,6.1259265391418865,0.0032306392122642426
slight_shift_full_beam,0.0003497901862925763,30.925823206183118,PI-NODE-2state,15,18,38.46436776957516,3.3598447458333367,0.0003890704768261638
slight_shift_full_beam,0.001349138941883107,48.5051375573099,PI-NODE-2state,15,19,45.48084884709688,4.605954896970623,0.0009782764267962847
strong_shift_full_beam,0.00016134737648245372,26.803657765044573,PI-NODE-2state,15,0,31.986645919512597,1.7893106324800068,0.00047684693518834236
strong_shift_full_beam,0.0009781637357463174,16.09387588616997,PI-NODE-2state,15,1,24.350684418823732,3.343537681321602,0.0010046533387335211
strong_shift_full_beam,0.0006890783769199543,23.54588021061201,PI-NODE-2state,15,2,28.94913455428033,3.125742349821333,0.0012151173006346334
strong_shift_full_beam,0.001211468096355371,14.716252981641695,PI-NODE-2state,15,3,22.45781713029092,4.003642939681931,0.0016670129043929534
strong_shift_full_beam,0.0020967713119030133,21.31641251338425,PI-NODE-2state,15,4,27.027468415569604,4.951041590982183,0.001969998838087682
strong_shift_full_beam,0.001540338629541721,24.113817173934596,PI-NODE-2state,15,5,28.776757799486617,4.496596903465265,0.0014204418569700842
strong_shift_full_beam,0.0008798874338859456,9.365850311249115,PI-NODE-2state,15,6,18.570093591379056,3.3284816402883464,0.0006339060120408676
strong_shift_full_beam,0.000284903563383061,21.97679458580245,PI-NODE-2state,15,7,28.971653859183593,2.1977310604745606,0.00042804791533406
strong_shift_full_beam,0.00014720569141044157,13.663671182993564,PI-NODE-2state,15,8,22.729911875174384,2.0087409831325242,0.0002260254978541611
strong_shift_full_beam,0.002759156954183444,24.936648119320406,PI-NODE-2state,15,9,30.68507785033821,5.4953066731748414,0.002614199758241446
strong_shift_full_beam,0.0003748196946967772,15.666078782848224,PI-NODE-2state,15,10,23.792899177355746,2.7160402385889926,0.0003108032550131594
strong_shift_full_beam,0.00022217560354499428,29.79685902728794,PI-NODE-2state,15,11,32.561524459323174,2.2292206191972244,0.0002942768638289246
strong_shift_full_beam,0.002581540136434405,32.20982745401004,PI-NODE-2state,15,12,34.86622317689579,5.582281350006165,0.002862716933992473
strong_shift_full_beam,0.0014345636613608836,-0.3285020500871188,PI-NODE-2state,15,13,11.115712526064307,5.127030884266377,0.00130939243380846
strong_shift_full_beam,0.0002819817930628966,15.253378584495097,PI-NODE-2state,15,14,23.956153397810507,2.1071032981910283,0.00048223268204852863
strong_shift_full_beam,0.0010773838546023898,26.16340122335517,PI-NODE-2state,15,15,31.94388824433989,3.9313171144282726,0.0013863963019518479
strong_shift_full_beam,0.0004890586986088953,23.809805869205036,PI-NODE-2state,15,16,29.096933332416057,2.793154318170815,0.00035688284911676376
strong_shift_full_beam,0.0019306458287590823,25.51299920864084,PI-NODE-2state,15,17,32.62716928565511,4.871119808916972,0.0021369202701192465
strong_shift_full_beam,0.00011731391331406752,15.721713469164266,PI-NODE-2state,15,18,25.564616086826852,1.7585508249389794,9.553413802861433e-05
strong_shift_full_beam,0.0007700334168605783,31.330159804308494,PI-NODE-2state,15,19,33.19622898106683,3.0302203110406682,0.0008050714864209566
full_cover,0.0009372523105445375,10.824120076069844,PI-NODE-2state,20,0,20.161440535308923,3.5306198556654254,0.0012404837064832295
full_cover,0.0011349997349431509,15.56699613403064,PI-NODE-2state,20,1,22.750171514134596,3.8609512552548604,0.0011528934417944852
full_cover,0.0008309522680070451,12.935178536441834,PI-NODE-2state,20,2,23.108922735350706,2.895505169113432,0.0005724842508759128
full_cover,0.0008269876637360217,22.486149645097925,PI-NODE-2state,20,3,27.512542109399295,3.0479936282826094,0.001078689551142851
full_cover,0.0006841610120995303,5.425868842482616,PI-NODE-2state,20,4,19.5409673782367,2.7846320316778366,0.0005108834808998407
full_cover,0.0009599767002199755,30.889322740557557,PI-NODE-2state,20,5,32.22349084370912,3.3963743156968205,0.0007919087108694094
full_cover,0.0009199042472261134,5.780027084520621,PI-NODE-2state,20,6,14.408052745011812,3.432877408501083,0.0006471676772972564
full_cover,0.0006432475764478293,8.055601550287191,PI-NODE-2state,20,7,18.776014103629883,3.1018491957922785,0.0009453352612754965
full_cover,0.0006456139133293531,2.891188907420223,PI-NODE-2state,20,8,17.00909331170103,3.102296520196534,0.0007301427934741038
full_cover,0.0009625417015719517,12.987143586976575,PI-NODE-2state,20,9,22.142151111244356,3.542678145937078,0.0010991372911740023
full_cover,0.0005288820721770936,12.85486063951598,PI-NODE-2state,20,10,22.045134402558386,2.6190519164446915,0.0008829750386214544
full_cover,0.0003861024935600429,16.302465825534615,PI-NODE-2state,20,11,22.501718098536237,2.416452191726442,0.0005112241916824983
full_cover,0.000597424404198016,13.324796451556086,PI-NODE-2state,20,12,23.270584320578973,2.6149453134128318,0.0005835020278475492
full_cover,0.0012899245556089961,11.15976251121456,PI-NODE-2state,20,13,11.374237442871337,4.199671891589995,0.0016429668414112563
full_cover,0.0005444262138171289,9.078810852131525,PI-NODE-2state,20,14,20.510674961170185,2.7803096218419054,0.0007091937559956083
full_cover,0.000984280483578398,22.863936638023883,PI-NODE-2state,20,15,25.95302640040156,3.580732685613624,0.0010199867891036941
full_cover,0.0008175092059774555,19.96955530157652,PI-NODE-2state,20,16,20.000912235191503,3.0730697838045784,0.0008012338003583908
full_cover,0.000657096173665259,28.016046776489453,PI-NODE-2state,20,17,27.441120598513773,2.941996198879091,0.0009314410723908871
full_cover,0.0008086420267246494,9.101612265803512,PI-NODE-2state,20,18,17.630391669483537,3.3289065484879767,0.001270489436479492
full_cover,0.0009643213896115231,45.91119356373474,PI-NODE-2state,20,19,39.062470418002384,3.47364519449508,0.0009335587121530153
narrow_centered,0.0005138355288311504,7.903979449844623,PI-NODE-2state,20,0,13.04452491346923,2.1056487769714387,0.0009766802871179622
narrow_centered,0.0006401254913310563,-3.4347656905256296,PI-NODE-2state,20,1,9.67028852670914,2.078541937440349,0.0006943797026320762
narrow_centered,0.0006586797736090993,-1.9358796117462322,PI-NODE-2state,20,2,10.003676872912795,2.4815887610424436,0.0006985093742229091
narrow_centered,0.0007094060210613791,5.843716827597193,PI-NODE-2state,20,3,14.034062764076324,2.002620504373962,0.0005031408822750627
narrow_centered,0.0006069815733079165,-13.852208889565347,PI-NODE-2state,20,4,8.759676051327814,2.371539014510262,0.001039809603841576
narrow_centered,0.00048255933880015,2.017391050299042,PI-NODE-2state,20,5,11.719457260673636,2.0263560421688593,0.0005848804937755583
narrow_centered,0.0007240045593926803,-9.065361713790264,PI-NODE-2state,20,6,8.68558497526299,2.6849904504995767,0.001204367272560193
narrow_centered,0.0004976125634196471,-0.6866586203063203,PI-NODE-2state,20,7,10.237361693964884,2.318158980696985,0.001171056964758798
narrow_centered,0.0006066141075120538,-7.322271484742397,PI-NODE-2state,20,8,8.705857304951785,2.155203643521341,0.00046896271542491523
narrow_centered,0.0012510666853097565,5.247559663532466,PI-NODE-2state,20,9,12.192985547657962,3.283798267208251,0.0012856531448650985
narrow_centered,0.0004246894459018818,-5.2657273615344105,PI-NODE-2state,20,10,9.15642940678016,1.930066117209914,0.000648447689162998
narrow_centered,0.0005372970303997724,13.160554822343308,PI-NODE-2state,20,11,17.160351072658443,2.3046675959045517,0.0008727438479761131
narrow_centered,0.0005532760700667665,1.165465398638987,PI-NODE-2state,20,12,10.925000443448738,2.1231373281979953,0.0005041769706016947
narrow_centered,0.0016838077911019897,-20.90757410237814,PI-NODE-2state,20,13,14.726765644991751,4.173200414509023,0.0021814364482636186
narrow_centered,0.0005312321837921219,0.4276548366109025,PI-NODE-2state,20,14,8.38332100074989,2.196055653933934,0.0008161708692957495
narrow_centered,0.0004915091635318205,-10.952149541844113,PI-NODE-2state,20,15,7.9083118734480315,2.0066754059394345,0.00037690988823567667
narrow_centered,0.000672674758547865,3.6004398062905882,PI-NODE-2state,20,16,10.977129563683452,2.3111150989545917,0.0005775714330261675
narrow_centered,0.0016817541669362438,-22.200526394694243,PI-NODE-2state,20,17,17.85581443211601,3.998223147486108,0.0018447237366363868
narrow_centered,0.0009538686862177471,3.4170457698949277,PI-NODE-2state,20,18,11.464750789787747,2.879802620028121,0.0012071274437063604
narrow_centered,0.0018628601523955346,-15.934140042864623,PI-NODE-2state,20,19,13.24180183254666,4.508302954262143,0.0021897897179740905
slight_shift_full_beam,0.0007077756487110654,15.208343324675536,PI-NODE-2state,20,0,21.42478114085618,2.9893856720470993,0.0007107597052735953
slight_shift_full_beam,0.0008062555650020422,17.478017933954614,PI-NODE-2state,20,1,23.01772857427686,3.141712854942801,0.001065810540271854
slight_shift_full_beam,0.0007230615755046863,10.98818032752418,PI-NODE-2state,20,2,19.88104032545116,2.9839559108247666,0.0011985455116666143
slight_shift_full_beam,0.0007831280227262891,21.94266896385791,PI-NODE-2state,20,3,26.514286443402067,3.2252317008075204,0.0010800534606600011
slight_shift_full_beam,0.0006109143167663468,7.5865734242646035,PI-NODE-2state,20,4,19.108468228584613,2.8219077828449923,0.0010530147724746208
slight_shift_full_beam,0.00083687056783727,15.158739172819129,PI-NODE-2state,20,5,22.521198362771432,3.3072522579817765,0.0012048667815530401
slight_shift_full_beam,0.0007995410084326779,0.1478410924385897,PI-NODE-2state,20,6,11.072707706841866,3.104416902241684,0.001091923089910917
slight_shift_full_beam,0.0006162838624761884,6.346177666984195,PI-NODE-2state,20,7,18.69851742624538,2.7421816384150413,0.0002943656387275616
slight_shift_full_beam,0.0007830535711521229,9.700910252524254,PI-NODE-2state,20,8,16.656220979793183,3.040466863363223,0.0008048585881936605
slight_shift_full_beam,0.0014934315012852038,5.326124778485598,PI-NODE-2state,20,9,15.499297149288733,4.310881017173578,0.0015338934237403954
slight_shift_full_beam,0.0006554744398586147,15.073508495769797,PI-NODE-2state,20,10,22.46663402540613,2.9560021569661914,0.0005965002298190222
slight_shift_full_beam,0.0005681597803203397,13.43819916636007,PI-NODE-2state,20,11,21.193801709319338,2.7168748880938587,0.0007457543149532415
slight_shift_full_beam,0.0007579121903975888,23.434647403037463,PI-NODE-2state,20,12,28.68083003836823,2.737252672303978,0.0008085712438007358
slight_shift_full_beam,0.0011749719327353453,-10.678272349243803,PI-NODE-2state,20,13,10.560043602410525,3.7204027522685355,0.0012687815131639368
slight_shift_full_beam,0.0005571069931128458,0.3368638588637441,PI-NODE-2state,20,14,15.342962475820132,2.797979672619836,0.0006681798902213585
slight_shift_full_beam,0.0009968871958648236,32.126045147716376,PI-NODE-2state,20,15,29.53558903660426,3.5017311926471937,0.0008074187892200201
slight_shift_full_beam,0.0009178257239424598,23.64544315136192,PI-NODE-2state,20,16,21.5892229921,3.3511389877983104,0.0006060855602321791
slight_shift_full_beam,0.0010035000383599915,13.84806113504647,PI-NODE-2state,20,17,18.708444973482262,3.5674339701947715,0.0009357147343671778
slight_shift_full_beam,0.0008519399093836194,3.10060925083266,PI-NODE-2state,20,18,13.95124992943828,3.230074395668515,0.0011031837916774575
slight_shift_full_beam,0.0006881803473505338,32.7720961614177,PI-NODE-2state,20,19,30.7595619441276,2.7571340912043882,0.0006817566039754467
strong_shift_full_beam,0.0007666558398339278,13.522009502038982,PI-NODE-2state,20,0,19.225563500269555,2.5909659912654,0.0006242301676766131
strong_shift_full_beam,0.0011496885674282416,6.73045341614356,PI-NODE-2state,20,1,14.788165288676911,3.359591522444885,0.0012312786748029853
strong_shift_full_beam,0.000875100232039271,5.201111579140344,PI-NODE-2state,20,2,14.434539086604772,3.0008880039463572,0.0009613561771269786
strong_shift_full_beam,0.0005842180349664289,5.53548210912819,PI-NODE-2state,20,3,14.321590277214671,2.3605656058097493,0.001147888987583221
strong_shift_full_beam,0.0009144413554958372,-3.6003399068096593,PI-NODE-2state,20,4,10.055422516163107,2.93038331940097,0.0007693978971355016
strong_shift_full_beam,0.0007008235349514973,10.823909172564148,PI-NODE-2state,20,5,18.504425028384276,2.4810939021938205,0.00046187031182180516
strong_shift_full_beam,0.0008989492422644097,0.564200326913843,PI-NODE-2state,20,6,9.23149197724741,3.0607952667403304,0.0011513216740424532
strong_shift_full_beam,0.00034893616490552944,0.10812823137915197,PI-NODE-2state,20,7,12.435198251231023,1.992541154442708,0.0005360265232995339
strong_shift_full_beam,0.0006189165050676526,-2.023435651158061,PI-NODE-2state,20,8,10.203651017496165,2.5683735377735317,0.0009207031655724398
strong_shift_full_beam,0.001013927312413713,2.181521059344092,PI-NODE-2state,20,9,11.864647103278504,3.101850949215857,0.0011196378132320955
strong_shift_full_beam,0.0006419245753157669,9.446804569375193,PI-NODE-2state,20,10,16.924198883166966,2.5868325786948474,0.0006996441940740059
strong_shift_full_beam,0.0006818509426783163,22.64201781328363,PI-NODE-2state,20,11,25.599031611075425,2.805530041697637,0.0006603592623840742
strong_shift_full_beam,0.0005374538154007287,1.1058472818761813,PI-NODE-2state,20,12,12.672245641148699,2.507886851657722,0.0007240633454865611
strong_shift_full_beam,0.001592663138846602,-25.329103496525633,PI-NODE-2state,20,13,18.605419575511633,4.67678746502712,0.0012261425300214626
strong_shift_full_beam,0.0006183965866119401,-1.427069307989539,PI-NODE-2state,20,14,10.671247834320962,2.7733791058063426,0.000906708390804087
strong_shift_full_beam,0.0005721035029288299,4.593419800323343,PI-NODE-2state,20,15,10.939013412268798,2.359460589954026,0.0006080165279991294
strong_shift_full_beam,0.0011895180384844971,8.899930490267403,PI-NODE-2state,20,16,10.437927758450849,3.4607432431576663,0.0011583566016782553
strong_shift_full_beam,0.0010763634252040227,-7.819450654950393,PI-NODE-2state,20,17,9.795358899758856,3.243447707874208,0.0013685135417746091
strong_shift_full_beam,0.001094294900160685,-1.364608482757813,PI-NODE-2state,20,18,10.546991931712881,3.3886725143222947,0.0011106967755953891
strong_shift_full_beam,0.0007409589750871878,14.937302989016333,PI-NODE-2state,20,19,17.597844614148197,2.6040084956677756,0.0006920620867958321
