method,test_rel_rmse_median,test_iqr,abs_final_err_median,train_rel_rmse_median,phi_in,phi_out,lam_mean,fit_time_s,test_full_cover,test_narrow_centered,e80_full_cover,e80_narrow_centered
grid_w0.005_s0.005,14.728,25.894,16.784,2.450,0.0490,0.0319,0.0000,1340.8,33.867,7.792,35.322,10.946
grid_w0.01_s0.005,14.996,25.126,17.924,2.436,0.0834,0.0549,0.0000,1340.7,33.537,8.686,36.551,11.214
grid_w0.02_s0.005,15.388,23.966,17.972,2.366,0.1347,0.0891,0.0000,1338.8,33.250,9.723,37.476,12.846
grid_w0.01_s0.01,16.196,27.347,17.915,2.048,0.0778,0.0525,0.0000,1346.8,36.143,9.067,33.316,12.168
grid_w0.005_s0.01,16.258,26.601,17.099,2.065,0.0449,0.0309,0.0000,1346.7,35.167,8.692,32.752,11.291
grid_w0.05_s0.005,16.817,21.259,19.978,2.168,0.2321,0.1591,0.0000,1338.8,32.737,12.250,37.619,15.404
grid_w0.02_s0.01,17.071,24.975,19.320,2.008,0.1274,0.0859,0.0000,1350.5,35.192,10.213,36.035,13.717
grid_w0.05_s0.01,18.842,21.304,20.992,1.899,0.2211,0.1533,0.0000,1350.5,33.519,12.588,36.698,16.275
grid_w0.01_s0.02,19.235,27.684,20.030,1.976,0.0762,0.0522,0.0000,1343.2,37.340,10.048,38.611,13.321
sig_w0.25_s0.25,19.458,30.403,20.932,1.940,0.1214,0.0853,0.0000,1348.1,39.744,9.397,44.643,12.274
grid_power_w0.02_s0.02,19.535,26.951,21.233,1.993,0.1223,0.0851,0.0000,1357.2,37.917,11.011,39.273,14.047
grid_logistic_w0.02_s0.02,19.903,26.259,21.438,1.987,0.1139,0.0777,0.0000,834.9,37.273,11.162,41.920,14.409
grid_w0.02_s0.02,20.261,26.783,21.296,1.988,0.1234,0.0855,0.0000,1343.2,37.654,10.938,41.191,14.135
grid_w0.005_s0.02,20.474,28.515,19.824,2.058,0.0451,0.0308,0.0000,1348.5,38.334,9.924,38.536,13.217
grid_w0.05_s0.02,20.804,24.264,23.081,1.875,0.2143,0.1542,0.0000,1341.2,37.217,13.038,39.745,16.743
sig_w0.5_s0.25,20.911,29.398,22.658,1.920,0.1832,0.1319,0.0000,1350.0,40.079,10.794,47.403,13.502
sig_w1.0_s0.25,22.145,28.399,25.058,1.754,0.2629,0.1973,0.0000,1357.2,40.346,11.998,48.540,15.127
sig_w0.25_s0.5,22.785,32.745,24.908,1.871,0.1135,0.0876,0.0000,1354.1,42.068,10.508,48.291,13.707
sig_w0.5_s0.5,22.962,31.529,25.251,1.846,0.1755,0.1363,0.0000,1348.1,42.870,11.773,50.128,15.174
grid_w0.05_s0.05,23.319,27.450,26.946,1.832,0.2058,0.1607,0.0000,1350.0,41.289,14.382,47.925,18.716
sig_w1.0_s0.5,24.187,27.247,26.263,1.711,0.2552,0.2009,0.0000,840.0,39.553,12.457,49.944,16.461
sig_w1.0_s1.0,24.687,29.742,26.443,1.659,0.2535,0.2132,0.0000,831.9,43.287,13.842,51.297,18.337
grid_w0.02_s0.05,25.377,31.895,24.968,1.882,0.1175,0.0883,0.0000,1352.8,44.127,12.231,47.977,16.100
pub-volumetric,25.757,31.853,27.024,1.754,0.2006,0.1668,0.0000,1346.3,46.727,15.125,52.439,19.816
grid_w0.005_s0.05,25.908,37.971,26.755,1.889,0.0424,0.0302,0.0000,1346.3,47.242,11.098,49.439,15.831
grid_w0.01_s0.05,25.950,33.843,24.990,1.925,0.0710,0.0520,0.0000,1352.8,44.117,11.402,48.226,15.393
sig_w0.5_s1.0,26.139,36.925,27.376,1.852,0.1720,0.1449,0.0000,1354.1,48.090,11.953,55.812,16.008
sig_w0.25_s1.0,26.854,41.034,23.953,1.970,0.1087,0.0910,0.0000,1341.2,51.280,11.213,55.848,15.638
pub-logistic,26.969,32.400,27.494,1.762,0.1836,0.1507,0.0000,1348.5,46.727,15.209,55.608,20.236
